Horas_almacenamiento,Energia_kWh,Costo_total_USD,LCOE_USD_kWh
4,531815330.7456485,627339681.3815681,0.11624990396338679
5,569146208.9499946,635027319.7310827,0.11101736032654129
6,606452676.0321746,642714958.0805973,0.10643245997263413
