Horas_almacenamiento,Generacion_energia_kWh,Costo_total_planta_$
4,-8685802.053719223,627339681.3815681
5,-9210068.828352883,635027319.7310827
