Multiplo_Solar,Generacion_energia_kWh,Costo_total_planta_$
1.5,430623030.3745825,662392400.3856139
1.6,448812884.4138866,662392400.3856139
1.7000000000000002,462231292.24934614,662392400.3856139
1.8000000000000003,469279766.59215105,662392400.3856139
1.9000000000000004,471102269.5162126,662392400.3856139
2.0000000000000004,470377606.6896473,662392400.3856139
2.1000000000000005,469353599.0435555,662392400.3856139
2.2000000000000006,467986366.3363836,662392400.3856139
2.3000000000000007,466694566.5468908,662392400.3856139
2.400000000000001,465162952.9253849,662392400.3856139
2.500000000000001,462995254.95064324,662392400.3856139
2.600000000000001,461056556.7045794,662392400.3856139
2.700000000000001,458946626.6370912,662392400.3856139
2.800000000000001,456771587.4924259,662392400.3856139
2.9000000000000012,455064068.09837955,662392400.3856139
3.0000000000000013,452831671.547426,662392400.3856139
3.1000000000000014,450480590.2167718,662392400.3856139
3.2000000000000015,448426210.364421,662392400.3856139
3.3000000000000016,444992755.0338158,662392400.3856139
3.4000000000000017,442251561.43056536,662392400.3856139
3.5000000000000018,438846101.9077083,662392400.3856139
