Multiplo_Solar,Generacion_energia_kWh,Costo_total_planta_$
1.5,616694843.3297746,662392400.3856139
1.6,644441381.7131242,662392400.3856139
1.7000000000000002,667115546.9595512,662392400.3856139
1.8000000000000003,679742882.3534924,662392400.3856139
1.9000000000000004,683350324.6317213,662392400.3856139
2.0000000000000004,683014193.4237238,662392400.3856139
2.1000000000000005,682197768.4513992,662392400.3856139
2.2000000000000006,681140311.3018724,662392400.3856139
2.3000000000000007,679594197.2959782,662392400.3856139
2.400000000000001,677876855.2309244,662392400.3856139
2.500000000000001,675724980.6893549,662392400.3856139
2.600000000000001,674072499.7921007,662392400.3856139
2.700000000000001,672491241.817533,662392400.3856139
2.800000000000001,670184021.855354,662392400.3856139
2.9000000000000012,667189320.8669025,662392400.3856139
3.0000000000000013,664403056.9541675,662392400.3856139
3.1000000000000014,661447102.1034372,662392400.3856139
3.2000000000000015,659861554.9987887,662392400.3856139
3.3000000000000016,657465163.1478249,662392400.3856139
3.4000000000000017,653561641.271825,662392400.3856139
3.5000000000000018,650337363.9853601,662392400.3856139
